<?xml version="1.0" encoding="UTF-8"?>
<edges>
   <edge id="1i" from="1" to="0" priority="50" numLanes="3" speed="17" width="3.5" />
   <edge id="1o" from="0" to="1" priority="50" numLanes="3" speed="17" width="3.5" />

   <edge id="2i" from="2" to="0" priority="50" numLanes="3" speed="17" width="3.5" />
   <edge id="2o" from="0" to="2" priority="50" numLanes="3" speed="17" width="3.5" />

   <edge id="3i" from="3" to="0" priority="50" numLanes="3" speed="17" width="3.5" />
   <edge id="3o" from="0" to="3" priority="50" numLanes="3" speed="17" width="3.5" />

   <edge id="4i" from="4" to="0" priority="50" numLanes="3" speed="17" width="3.5" />
   <edge id="4o" from="0" to="4" priority="50" numLanes="3" speed="17" width="3.5" />

   <edge id="51i" from="1" to="51" priority="50" numLanes="3" speed="17" width="3.5" />
   <edge id="51o" from="51" to="1" priority="50" numLanes="3" speed="17" width="3.5" />

   <edge id="52i" from="2" to="52" priority="50" numLanes="3" speed="17" width="3.5" />
   <edge id="52o" from="52" to="2" priority="50" numLanes="3" speed="17" width="3.5" />

   <edge id="53i" from="3" to="53" priority="50" numLanes="3" speed="17" width="3.5" />
   <edge id="53o" from="53" to="3" priority="50" numLanes="3" speed="17" width="3.5" />

   <edge id="54i" from="4" to="54" priority="50" numLanes="3" speed="17" width="3.5" /> //19.444
   <edge id="54o" from="54" to="4" priority="50" numLanes="3" speed="17" width="3.5" /> //11.111
</edges>
