<?xml version="1.0" encoding="UTF-8"?>
<nodes>
   <node id="0" x="0.0" y="0.0"  type="priority"/>

   <node id="1" x="-150" y="0.0" type="priority"/>
   <node id="2" x="+150" y="0.0" type="priority"/>
   <node id="3" x="0.0" y="-150" type="priority"/>
   <node id="4" x="0.0" y="+150" type="priority"/>
   
   <node id="51" x="-150" y="0.0" type="priority"/> 
   <node id="52" x="+150" y="0.0" type="priority"/> 
   <node id="53" x="0.0" y="-150" type="priority"/>
   <node id="54" x="0.0" y="+150" type="priority"/>  
</nodes>
