<?xml version="1.0" encoding="iso-8859-1"?>
<connections >
	<connection from="1i" to="2o" fromLane="1" toLane="1"/>
	<connection from="1i" to="3o" fromLane="0" toLane="0"/>
	<connection from="1i" to="4o" fromLane="2" toLane="2"/>
	<connection from="2i" to="3o" fromLane="2" toLane="2"/>
	<connection from="2i" to="4o" fromLane="0" toLane="0"/>
	<connection from="2i" to="1o" fromLane="1" toLane="1"/>
	<connection from="3i" to="4o" fromLane="1" toLane="1"/>
	<connection from="3i" to="1o" fromLane="2" toLane="2"/>
	<connection from="3i" to="2o" fromLane="0" toLane="0"/>
	<connection from="4i" to="1o" fromLane="0" toLane="0"/>
	<connection from="4i" to="2o" fromLane="2" toLane="2"/>
	<connection from="4i" to="3o" fromLane="1" toLane="1"/>
	
</connections>
