<routes>
        <vType id="type1" accel="3.000000" decel="3.000000" sigma="0" length="3.5" width = "2.5" minGap="0.0" minGapLat = "0.0" maxSpeed="25" guiShape="passenger"/>
        <vType id="type2" accel="3.000000" decel="3.000000" sigma="0" length="3.5" width = "2.5" minGap="0.0" minGapLat = "0.0" maxSpeed="25" guiShape="bus"/>
    	<route id="WtoE" edges="51o 1i 2o 52i" />
    	<route id="WtoS" edges="51o 1i 3o 53i" />
    	<route id="WtoN" edges="51o 1i 4o 54i" />
    	<route id="EtoS" edges="52o 2i 3o 53i" />
    	<route id="EtoN" edges="52o 2i 4o 54i" />
    	<route id="EtoW" edges="52o 2i 1o 51i" />
    	<route id="StoW" edges="53o 3i 1o 51i" />
    	<route id="StoE" edges="53o 3i 2o 52i" />
    	<route id="StoN" edges="53o 3i 4o 54i" />
    	<route id="NtoS" edges="54o 4i 3o 53i" />
    	<route id="NtoW" edges="54o 4i 1o 51i" />"
    	<route id="NtoE" edges="54o 4i 2o 52i" />
    <vehicle id="NtoW_0" type="type1" route="NtoW" depart="4" departSpeed="5.108213" departLane= "0"/>
    <vehicle id="StoW_1" type="type1" route="StoW" depart="5" departSpeed="11.214460" departLane= "2"/>
    <vehicle id="StoE_2" type="type1" route="StoE" depart="6" departSpeed="10.322593" departLane= "0"/>
    <vehicle id="WtoE_3" type="type1" route="WtoE" depart="7" departSpeed="8.801860" departLane= "1"/>
    <vehicle id="StoN_4" type="type1" route="StoN" depart="7" departSpeed="6.716538" departLane= "1"/>
    <vehicle id="EtoS_5" type="type1" route="EtoS" depart="8" departSpeed="11.001911" departLane= "2"/>
    <vehicle id="NtoW_6" type="type1" route="NtoW" depart="8" departSpeed="10.928712" departLane= "0"/>
    <vehicle id="WtoE_7" type="type1" route="WtoE" depart="9" departSpeed="12.260001" departLane= "1"/>
    <vehicle id="EtoN_8" type="type1" route="EtoN" depart="9" departSpeed="11.398353" departLane= "0"/>
    <vehicle id="EtoS_9" type="type1" route="EtoS" depart="10" departSpeed="8.604144" departLane= "2"/>
    <vehicle id="EtoS_10" type="type1" route="EtoS" depart="11" departSpeed="11.739750" departLane= "2"/>
    <vehicle id="NtoW_11" type="type1" route="NtoW" depart="11" departSpeed="8.383155" departLane= "0"/>
    <vehicle id="NtoE_12" type="type1" route="NtoE" depart="13" departSpeed="5.360983" departLane= "2"/>
    <vehicle id="WtoN_13" type="type1" route="WtoN" depart="14" departSpeed="16.308975" departLane= "2"/>
    <vehicle id="StoE_14" type="type1" route="StoE" depart="14" departSpeed="9.530199" departLane= "0"/>
    <vehicle id="StoE_15" type="type1" route="StoE" depart="16" departSpeed="7.609383" departLane= "0"/>
    <vehicle id="NtoS_16" type="type2" route="NtoS" depart="18" departSpeed="7.527824" departLane= "1"/>
    <vehicle id="NtoW_17" type="type1" route="NtoW" depart="18" departSpeed="7.946250" departLane= "0"/>
    <vehicle id="StoN_18" type="type1" route="StoN" depart="18" departSpeed="13.054761" departLane= "1"/>
    <vehicle id="StoW_19" type="type1" route="StoW" depart="21" departSpeed="12.703127" departLane= "2"/>
    <vehicle id="StoE_20" type="type1" route="StoE" depart="22" departSpeed="5.863306" departLane= "0"/>
    <vehicle id="EtoW_21" type="type1" route="EtoW" depart="24" departSpeed="15.449434" departLane= "1"/>
    <vehicle id="NtoE_22" type="type1" route="NtoE" depart="30" departSpeed="8.406213" departLane= "2"/>
    <vehicle id="NtoW_23" type="type1" route="NtoW" depart="31" departSpeed="12.214990" departLane= "0"/>
    <vehicle id="WtoE_24" type="type1" route="WtoE" depart="33" departSpeed="7.821714" departLane= "1"/>
    <vehicle id="StoW_25" type="type1" route="StoW" depart="36" departSpeed="5.105305" departLane= "2"/>
    <vehicle id="WtoN_26" type="type1" route="WtoN" depart="38" departSpeed="8.453942" departLane= "2"/>
    <vehicle id="WtoE_27" type="type1" route="WtoE" depart="42" departSpeed="5.023589" departLane= "1"/>
    <vehicle id="WtoN_28" type="type1" route="WtoN" depart="42" departSpeed="9.906505" departLane= "2"/>
    <vehicle id="WtoS_29" type="type1" route="WtoS" depart="43" departSpeed="12.752432" departLane= "0"/>
    <vehicle id="EtoW_30" type="type1" route="EtoW" depart="44" departSpeed="13.870752" departLane= "1"/>
    <vehicle id="WtoN_31" type="type1" route="WtoN" depart="44" departSpeed="7.471139" departLane= "2"/>
    <vehicle id="StoN_32" type="type1" route="StoN" depart="46" departSpeed="16.531446" departLane= "1"/>
    <vehicle id="EtoW_33" type="type1" route="EtoW" depart="48" departSpeed="11.627672" departLane= "1"/>
    <vehicle id="NtoS_34" type="type2" route="NtoS" depart="51" departSpeed="13.188428" departLane= "1"/>
    <vehicle id="StoN_35" type="type1" route="StoN" depart="51" departSpeed="16.861359" departLane= "1"/>
    <vehicle id="WtoS_36" type="type1" route="WtoS" depart="53" departSpeed="9.237175" departLane= "0"/>
    <vehicle id="NtoE_37" type="type1" route="NtoE" depart="54" departSpeed="11.962411" departLane= "2"/>
    <vehicle id="NtoW_38" type="type1" route="NtoW" depart="54" departSpeed="15.745682" departLane= "0"/>
    <vehicle id="NtoW_39" type="type1" route="NtoW" depart="56" departSpeed="11.159075" departLane= "0"/>
    <vehicle id="WtoE_40" type="type1" route="WtoE" depart="57" departSpeed="5.897332" departLane= "1"/>
    <vehicle id="NtoS_41" type="type2" route="NtoS" depart="58" departSpeed="8.418939" departLane= "1"/>
    <vehicle id="EtoN_42" type="type1" route="EtoN" depart="61" departSpeed="14.077783" departLane= "0"/>
    <vehicle id="NtoS_43" type="type2" route="NtoS" depart="63" departSpeed="11.481141" departLane= "1"/>
    <vehicle id="EtoW_44" type="type1" route="EtoW" depart="65" departSpeed="15.196527" departLane= "1"/>
    <vehicle id="NtoE_45" type="type1" route="NtoE" depart="67" departSpeed="6.481472" departLane= "2"/>
    <vehicle id="NtoW_46" type="type1" route="NtoW" depart="67" departSpeed="13.356348" departLane= "0"/>
    <vehicle id="StoW_47" type="type1" route="StoW" depart="70" departSpeed="16.960930" departLane= "2"/>
    <vehicle id="StoW_48" type="type1" route="StoW" depart="71" departSpeed="8.693217" departLane= "2"/>
    <vehicle id="EtoW_49" type="type1" route="EtoW" depart="74" departSpeed="6.045011" departLane= "1"/>
    <vehicle id="StoN_50" type="type1" route="StoN" depart="74" departSpeed="14.007826" departLane= "1"/>
    <vehicle id="StoE_51" type="type1" route="StoE" depart="78" departSpeed="12.918382" departLane= "0"/>
    <vehicle id="NtoW_52" type="type1" route="NtoW" depart="79" departSpeed="10.079989" departLane= "0"/>
    <vehicle id="NtoS_53" type="type2" route="NtoS" depart="82" departSpeed="15.921437" departLane= "1"/>
    <vehicle id="WtoN_54" type="type1" route="WtoN" depart="83" departSpeed="12.744100" departLane= "2"/>
    <vehicle id="StoW_55" type="type1" route="StoW" depart="84" departSpeed="13.467841" departLane= "2"/>
    <vehicle id="NtoW_56" type="type1" route="NtoW" depart="86" departSpeed="11.974393" departLane= "0"/>
    <vehicle id="NtoS_57" type="type2" route="NtoS" depart="88" departSpeed="14.361747" departLane= "1"/>
    <vehicle id="NtoE_58" type="type1" route="NtoE" depart="88" departSpeed="8.797613" departLane= "2"/>
    <vehicle id="EtoW_59" type="type1" route="EtoW" depart="90" departSpeed="9.938706" departLane= "1"/>
    <vehicle id="EtoS_60" type="type1" route="EtoS" depart="90" departSpeed="6.690017" departLane= "2"/>
    <vehicle id="StoW_61" type="type1" route="StoW" depart="90" departSpeed="8.683373" departLane= "2"/>
    <vehicle id="WtoN_62" type="type1" route="WtoN" depart="96" departSpeed="12.461032" departLane= "2"/>
    <vehicle id="EtoW_63" type="type1" route="EtoW" depart="98" departSpeed="13.972043" departLane= "1"/>
    <vehicle id="WtoS_64" type="type1" route="WtoS" depart="99" departSpeed="8.306429" departLane= "0"/>
    <vehicle id="StoW_65" type="type1" route="StoW" depart="100" departSpeed="10.762209" departLane= "2"/>
    <vehicle id="EtoN_66" type="type1" route="EtoN" depart="105" departSpeed="15.806359" departLane= "0"/>
    <vehicle id="NtoS_67" type="type2" route="NtoS" depart="106" departSpeed="8.526943" departLane= "1"/>
    <vehicle id="WtoN_68" type="type1" route="WtoN" depart="107" departSpeed="13.702661" departLane= "2"/>
    <vehicle id="NtoS_69" type="type2" route="NtoS" depart="109" departSpeed="15.496337" departLane= "1"/>
    <vehicle id="EtoN_70" type="type1" route="EtoN" depart="109" departSpeed="6.413259" departLane= "0"/>
    <vehicle id="EtoS_71" type="type1" route="EtoS" depart="110" departSpeed="5.899698" departLane= "2"/>
    <vehicle id="StoE_72" type="type1" route="StoE" depart="111" departSpeed="16.665861" departLane= "0"/>
    <vehicle id="NtoS_73" type="type2" route="NtoS" depart="113" departSpeed="12.561869" departLane= "1"/>
    <vehicle id="WtoN_74" type="type1" route="WtoN" depart="114" departSpeed="16.211434" departLane= "2"/>
    <vehicle id="NtoE_75" type="type1" route="NtoE" depart="114" departSpeed="9.845930" departLane= "2"/>
    <vehicle id="WtoE_76" type="type1" route="WtoE" depart="116" departSpeed="12.181914" departLane= "1"/>
    <vehicle id="StoW_77" type="type1" route="StoW" depart="118" departSpeed="12.869089" departLane= "2"/>
    <vehicle id="StoE_78" type="type1" route="StoE" depart="120" departSpeed="14.406812" departLane= "0"/>
    <vehicle id="NtoE_79" type="type1" route="NtoE" depart="122" departSpeed="5.787216" departLane= "2"/>
    <vehicle id="NtoS_80" type="type2" route="NtoS" depart="123" departSpeed="15.866382" departLane= "1"/>
    <vehicle id="WtoS_81" type="type1" route="WtoS" depart="123" departSpeed="14.876291" departLane= "0"/>
    <vehicle id="StoW_82" type="type1" route="StoW" depart="123" departSpeed="14.558454" departLane= "2"/>
    <vehicle id="StoE_83" type="type1" route="StoE" depart="123" departSpeed="13.216573" departLane= "0"/>
    <vehicle id="EtoS_84" type="type1" route="EtoS" depart="126" departSpeed="12.267980" departLane= "2"/>
    <vehicle id="NtoW_85" type="type1" route="NtoW" depart="127" departSpeed="11.533932" departLane= "0"/>
    <vehicle id="EtoN_86" type="type1" route="EtoN" depart="129" departSpeed="7.398291" departLane= "0"/>
    <vehicle id="NtoE_87" type="type1" route="NtoE" depart="130" departSpeed="16.236086" departLane= "2"/>
    <vehicle id="WtoE_88" type="type1" route="WtoE" depart="131" departSpeed="13.993307" departLane= "1"/>
    <vehicle id="EtoW_89" type="type1" route="EtoW" depart="131" departSpeed="12.163759" departLane= "1"/>
    <vehicle id="EtoS_90" type="type1" route="EtoS" depart="131" departSpeed="8.887378" departLane= "2"/>
    <vehicle id="EtoW_91" type="type1" route="EtoW" depart="132" departSpeed="9.698646" departLane= "1"/>
    <vehicle id="NtoS_92" type="type2" route="NtoS" depart="134" departSpeed="15.322528" departLane= "1"/>
    <vehicle id="EtoS_93" type="type1" route="EtoS" depart="137" departSpeed="9.590960" departLane= "2"/>
    <vehicle id="EtoW_94" type="type1" route="EtoW" depart="138" departSpeed="16.547672" departLane= "1"/>
    <vehicle id="EtoS_95" type="type1" route="EtoS" depart="138" departSpeed="6.213580" departLane= "2"/>
    <vehicle id="EtoW_96" type="type1" route="EtoW" depart="139" departSpeed="14.024417" departLane= "1"/>
    <vehicle id="NtoW_97" type="type1" route="NtoW" depart="139" departSpeed="16.050923" departLane= "0"/>
    <vehicle id="WtoN_98" type="type1" route="WtoN" depart="142" departSpeed="11.852080" departLane= "2"/>
    <vehicle id="NtoW_99" type="type1" route="NtoW" depart="142" departSpeed="14.373719" departLane= "0"/>
    <vehicle id="WtoN_100" type="type1" route="WtoN" depart="143" departSpeed="15.590633" departLane= "2"/>
    <vehicle id="StoW_101" type="type1" route="StoW" depart="143" departSpeed="11.762089" departLane= "2"/>
    <vehicle id="StoW_102" type="type1" route="StoW" depart="151" departSpeed="6.020468" departLane= "2"/>
    <vehicle id="EtoW_103" type="type1" route="EtoW" depart="152" departSpeed="5.716497" departLane= "1"/>
    <vehicle id="WtoS_104" type="type1" route="WtoS" depart="154" departSpeed="13.066595" departLane= "0"/>
    <vehicle id="NtoW_105" type="type1" route="NtoW" depart="154" departSpeed="11.639158" departLane= "0"/>
    <vehicle id="StoE_106" type="type1" route="StoE" depart="154" departSpeed="10.391756" departLane= "0"/>
    <vehicle id="StoW_107" type="type1" route="StoW" depart="155" departSpeed="11.984373" departLane= "2"/>
    <vehicle id="EtoS_108" type="type1" route="EtoS" depart="156" departSpeed="16.406480" departLane= "2"/>
    <vehicle id="EtoN_109" type="type1" route="EtoN" depart="157" departSpeed="13.007411" departLane= "0"/>
    <vehicle id="EtoW_110" type="type1" route="EtoW" depart="158" departSpeed="9.851303" departLane= "1"/>
    <vehicle id="EtoN_111" type="type1" route="EtoN" depart="159" departSpeed="5.554562" departLane= "0"/>
    <vehicle id="NtoE_112" type="type1" route="NtoE" depart="159" departSpeed="14.164618" departLane= "2"/>
    <vehicle id="EtoS_113" type="type1" route="EtoS" depart="160" departSpeed="16.912880" departLane= "2"/>
    <vehicle id="WtoN_114" type="type1" route="WtoN" depart="160" departSpeed="6.972416" departLane= "2"/>
    <vehicle id="EtoS_115" type="type1" route="EtoS" depart="162" departSpeed="15.939538" departLane= "2"/>
    <vehicle id="EtoS_116" type="type1" route="EtoS" depart="163" departSpeed="11.352754" departLane= "2"/>
    <vehicle id="WtoN_117" type="type1" route="WtoN" depart="163" departSpeed="13.987101" departLane= "2"/>
    <vehicle id="StoN_118" type="type1" route="StoN" depart="163" departSpeed="11.073020" departLane= "1"/>
    <vehicle id="EtoS_119" type="type1" route="EtoS" depart="164" departSpeed="7.382340" departLane= "2"/>
    <vehicle id="EtoN_120" type="type1" route="EtoN" depart="164" departSpeed="6.575117" departLane= "0"/>
    <vehicle id="EtoW_121" type="type1" route="EtoW" depart="168" departSpeed="10.593330" departLane= "1"/>
    <vehicle id="StoN_122" type="type1" route="StoN" depart="168" departSpeed="12.552656" departLane= "1"/>
    <vehicle id="NtoE_123" type="type1" route="NtoE" depart="169" departSpeed="13.712734" departLane= "2"/>
    <vehicle id="StoE_124" type="type1" route="StoE" depart="171" departSpeed="11.977954" departLane= "0"/>
    <vehicle id="StoN_125" type="type1" route="StoN" depart="172" departSpeed="9.949987" departLane= "1"/>
    <vehicle id="WtoN_126" type="type1" route="WtoN" depart="174" departSpeed="11.338995" departLane= "2"/>
    <vehicle id="NtoS_127" type="type2" route="NtoS" depart="176" departSpeed="10.434973" departLane= "1"/>
    <vehicle id="WtoN_128" type="type1" route="WtoN" depart="177" departSpeed="14.440960" departLane= "2"/>
    <vehicle id="EtoW_129" type="type1" route="EtoW" depart="184" departSpeed="15.396489" departLane= "1"/>
    <vehicle id="StoE_130" type="type1" route="StoE" depart="184" departSpeed="12.256402" departLane= "0"/>
    <vehicle id="WtoE_131" type="type1" route="WtoE" depart="188" departSpeed="9.364562" departLane= "1"/>
    <vehicle id="StoW_132" type="type1" route="StoW" depart="188" departSpeed="9.707951" departLane= "2"/>
    <vehicle id="WtoE_133" type="type1" route="WtoE" depart="189" departSpeed="9.916345" departLane= "1"/>
    <vehicle id="NtoE_134" type="type1" route="NtoE" depart="190" departSpeed="7.533503" departLane= "2"/>
    <vehicle id="StoE_135" type="type1" route="StoE" depart="190" departSpeed="15.705646" departLane= "0"/>
    <vehicle id="NtoS_136" type="type2" route="NtoS" depart="191" departSpeed="10.851562" departLane= "1"/>
    <vehicle id="WtoE_137" type="type1" route="WtoE" depart="192" departSpeed="10.628760" departLane= "1"/>
    <vehicle id="EtoS_138" type="type1" route="EtoS" depart="192" departSpeed="5.143068" departLane= "2"/>
    <vehicle id="WtoN_139" type="type1" route="WtoN" depart="192" departSpeed="10.703972" departLane= "2"/>
    <vehicle id="EtoS_140" type="type1" route="EtoS" depart="193" departSpeed="7.431450" departLane= "2"/>
    <vehicle id="EtoN_141" type="type1" route="EtoN" depart="193" departSpeed="14.909295" departLane= "0"/>
    <vehicle id="NtoW_142" type="type1" route="NtoW" depart="193" departSpeed="12.766790" departLane= "0"/>
    <vehicle id="WtoN_143" type="type1" route="WtoN" depart="196" departSpeed="10.380824" departLane= "2"/>
    <vehicle id="EtoN_144" type="type1" route="EtoN" depart="198" departSpeed="10.558740" departLane= "0"/>
    <vehicle id="NtoW_145" type="type1" route="NtoW" depart="198" departSpeed="5.358853" departLane= "0"/>
    <vehicle id="WtoN_146" type="type1" route="WtoN" depart="199" departSpeed="5.725958" departLane= "2"/>
    <vehicle id="WtoN_147" type="type1" route="WtoN" depart="200" departSpeed="6.371261" departLane= "2"/>
    <vehicle id="NtoW_148" type="type1" route="NtoW" depart="200" departSpeed="7.798366" departLane= "0"/>
    <vehicle id="StoE_149" type="type1" route="StoE" depart="200" departSpeed="10.505330" departLane= "0"/>
    <vehicle id="WtoS_150" type="type1" route="WtoS" depart="201" departSpeed="10.790034" departLane= "0"/>
    <vehicle id="StoW_151" type="type1" route="StoW" depart="202" departSpeed="10.395147" departLane= "2"/>
    <vehicle id="NtoS_152" type="type2" route="NtoS" depart="203" departSpeed="9.370256" departLane= "1"/>
    <vehicle id="NtoS_153" type="type2" route="NtoS" depart="206" departSpeed="12.572732" departLane= "1"/>
    <vehicle id="NtoS_154" type="type2" route="NtoS" depart="208" departSpeed="11.952604" departLane= "1"/>
    <vehicle id="EtoS_155" type="type1" route="EtoS" depart="208" departSpeed="6.491290" departLane= "2"/>
    <vehicle id="StoW_156" type="type1" route="StoW" depart="210" departSpeed="5.317280" departLane= "2"/>
    <vehicle id="EtoW_157" type="type1" route="EtoW" depart="212" departSpeed="16.534736" departLane= "1"/>
    <vehicle id="StoW_158" type="type1" route="StoW" depart="216" departSpeed="6.501229" departLane= "2"/>
    <vehicle id="EtoN_159" type="type1" route="EtoN" depart="217" departSpeed="6.613429" departLane= "0"/>
    <vehicle id="NtoW_160" type="type1" route="NtoW" depart="220" departSpeed="9.023671" departLane= "0"/>
    <vehicle id="EtoW_161" type="type1" route="EtoW" depart="222" departSpeed="10.240346" departLane= "1"/>
    <vehicle id="NtoE_162" type="type1" route="NtoE" depart="222" departSpeed="9.739523" departLane= "2"/>
    <vehicle id="WtoS_163" type="type1" route="WtoS" depart="223" departSpeed="12.807413" departLane= "0"/>
    <vehicle id="WtoE_164" type="type1" route="WtoE" depart="224" departSpeed="14.852403" departLane= "1"/>
    <vehicle id="EtoW_165" type="type1" route="EtoW" depart="229" departSpeed="5.715200" departLane= "1"/>
    <vehicle id="EtoS_166" type="type1" route="EtoS" depart="229" departSpeed="11.047364" departLane= "2"/>
    <vehicle id="NtoE_167" type="type1" route="NtoE" depart="232" departSpeed="10.816401" departLane= "2"/>
    <vehicle id="StoN_168" type="type1" route="StoN" depart="232" departSpeed="12.388566" departLane= "1"/>
    <vehicle id="WtoS_169" type="type1" route="WtoS" depart="234" departSpeed="12.614119" departLane= "0"/>
    <vehicle id="WtoN_170" type="type1" route="WtoN" depart="236" departSpeed="9.674765" departLane= "2"/>
    <vehicle id="StoE_171" type="type1" route="StoE" depart="236" departSpeed="5.756044" departLane= "0"/>
    <vehicle id="WtoE_172" type="type1" route="WtoE" depart="238" departSpeed="9.475226" departLane= "1"/>
    <vehicle id="NtoE_173" type="type1" route="NtoE" depart="238" departSpeed="16.573033" departLane= "2"/>
    <vehicle id="NtoE_174" type="type1" route="NtoE" depart="239" departSpeed="11.066932" departLane= "2"/>
    <vehicle id="StoW_175" type="type1" route="StoW" depart="239" departSpeed="16.826590" departLane= "2"/>
    <vehicle id="WtoS_176" type="type1" route="WtoS" depart="240" departSpeed="5.439958" departLane= "0"/>
    <vehicle id="StoN_177" type="type1" route="StoN" depart="241" departSpeed="10.733121" departLane= "1"/>
    <vehicle id="WtoE_178" type="type1" route="WtoE" depart="242" departSpeed="16.147381" departLane= "1"/>
    <vehicle id="EtoS_179" type="type1" route="EtoS" depart="242" departSpeed="6.714154" departLane= "2"/>
    <vehicle id="WtoN_180" type="type1" route="WtoN" depart="242" departSpeed="16.270726" departLane= "2"/>
    <vehicle id="NtoE_181" type="type1" route="NtoE" depart="243" departSpeed="15.060602" departLane= "2"/>
    <vehicle id="StoW_182" type="type1" route="StoW" depart="244" departSpeed="5.024995" departLane= "2"/>
    <vehicle id="WtoN_183" type="type1" route="WtoN" depart="246" departSpeed="15.286332" departLane= "2"/>
    <vehicle id="StoE_184" type="type1" route="StoE" depart="246" departSpeed="16.752680" departLane= "0"/>
    <vehicle id="NtoS_185" type="type2" route="NtoS" depart="247" departSpeed="15.502311" departLane= "1"/>
    <vehicle id="NtoE_186" type="type1" route="NtoE" depart="247" departSpeed="13.676670" departLane= "2"/>
    <vehicle id="NtoW_187" type="type1" route="NtoW" depart="248" departSpeed="15.085828" departLane= "0"/>
    <vehicle id="StoN_188" type="type1" route="StoN" depart="249" departSpeed="5.082415" departLane= "1"/>
    <vehicle id="WtoS_189" type="type1" route="WtoS" depart="252" departSpeed="5.522432" departLane= "0"/>
    <vehicle id="EtoW_190" type="type1" route="EtoW" depart="253" departSpeed="6.763846" departLane= "1"/>
    <vehicle id="EtoN_191" type="type1" route="EtoN" depart="253" departSpeed="10.938508" departLane= "0"/>
    <vehicle id="StoW_192" type="type1" route="StoW" depart="253" departSpeed="6.975378" departLane= "2"/>
    <vehicle id="WtoN_193" type="type1" route="WtoN" depart="254" departSpeed="5.114173" departLane= "2"/>
    <vehicle id="EtoN_194" type="type1" route="EtoN" depart="259" departSpeed="7.692841" departLane= "0"/>
    <vehicle id="StoE_195" type="type1" route="StoE" depart="259" departSpeed="8.554517" departLane= "0"/>
    <vehicle id="EtoS_196" type="type1" route="EtoS" depart="260" departSpeed="8.309647" departLane= "2"/>
    <vehicle id="NtoW_197" type="type1" route="NtoW" depart="260" departSpeed="13.643981" departLane= "0"/>
    <vehicle id="StoW_198" type="type1" route="StoW" depart="260" departSpeed="16.229403" departLane= "2"/>
    <vehicle id="WtoS_199" type="type1" route="WtoS" depart="261" departSpeed="8.833426" departLane= "0"/>
    <vehicle id="WtoN_200" type="type1" route="WtoN" depart="262" departSpeed="16.832230" departLane= "2"/>
    <vehicle id="EtoS_201" type="type1" route="EtoS" depart="264" departSpeed="15.055459" departLane= "2"/>
    <vehicle id="WtoN_202" type="type1" route="WtoN" depart="264" departSpeed="11.685684" departLane= "2"/>
    <vehicle id="WtoS_203" type="type1" route="WtoS" depart="266" departSpeed="7.538078" departLane= "0"/>
    <vehicle id="WtoN_204" type="type1" route="WtoN" depart="266" departSpeed="12.877924" departLane= "2"/>
    <vehicle id="StoW_205" type="type1" route="StoW" depart="266" departSpeed="15.030519" departLane= "2"/>
    <vehicle id="StoN_206" type="type1" route="StoN" depart="266" departSpeed="7.102509" departLane= "1"/>
    <vehicle id="StoE_207" type="type1" route="StoE" depart="269" departSpeed="8.797515" departLane= "0"/>
    <vehicle id="NtoE_208" type="type1" route="NtoE" depart="273" departSpeed="13.879200" departLane= "2"/>
    <vehicle id="EtoW_209" type="type1" route="EtoW" depart="277" departSpeed="15.535836" departLane= "1"/>
    <vehicle id="EtoN_210" type="type1" route="EtoN" depart="279" departSpeed="6.291497" departLane= "0"/>
    <vehicle id="StoW_211" type="type1" route="StoW" depart="279" departSpeed="16.342454" departLane= "2"/>
    <vehicle id="EtoS_212" type="type1" route="EtoS" depart="282" departSpeed="7.822977" departLane= "2"/>
    <vehicle id="WtoE_213" type="type1" route="WtoE" depart="283" departSpeed="14.489647" departLane= "1"/>
    <vehicle id="WtoE_214" type="type1" route="WtoE" depart="284" departSpeed="15.275053" departLane= "1"/>
    <vehicle id="EtoN_215" type="type1" route="EtoN" depart="284" departSpeed="8.271533" departLane= "0"/>
    <vehicle id="EtoW_216" type="type1" route="EtoW" depart="288" departSpeed="13.225354" departLane= "1"/>
    <vehicle id="WtoN_217" type="type1" route="WtoN" depart="288" departSpeed="8.985404" departLane= "2"/>
    <vehicle id="EtoN_218" type="type1" route="EtoN" depart="289" departSpeed="12.071472" departLane= "0"/>
    <vehicle id="WtoN_219" type="type1" route="WtoN" depart="290" departSpeed="7.061862" departLane= "2"/>
    <vehicle id="WtoE_220" type="type1" route="WtoE" depart="291" departSpeed="16.539498" departLane= "1"/>
    <vehicle id="WtoN_221" type="type1" route="WtoN" depart="294" departSpeed="11.556810" departLane= "2"/>
    <vehicle id="NtoE_222" type="type1" route="NtoE" depart="294" departSpeed="7.458698" departLane= "2"/>
    <vehicle id="NtoW_223" type="type1" route="NtoW" depart="295" departSpeed="6.865435" departLane= "0"/>
    <vehicle id="NtoS_224" type="type2" route="NtoS" depart="297" departSpeed="8.111086" departLane= "1"/>
    <vehicle id="EtoN_225" type="type1" route="EtoN" depart="299" departSpeed="12.523642" departLane= "0"/>
    <vehicle id="NtoW_226" type="type1" route="NtoW" depart="299" departSpeed="16.528306" departLane= "0"/>
    <vehicle id="NtoE_227" type="type1" route="NtoE" depart="300" departSpeed="13.296167" departLane= "2"/>
    <vehicle id="StoN_228" type="type1" route="StoN" depart="300" departSpeed="6.759139" departLane= "1"/>
    <vehicle id="NtoS_229" type="type2" route="NtoS" depart="301" departSpeed="10.142286" departLane= "1"/>
    <vehicle id="WtoN_230" type="type1" route="WtoN" depart="302" departSpeed="11.854030" departLane= "2"/>
    <vehicle id="StoE_231" type="type1" route="StoE" depart="303" departSpeed="11.797366" departLane= "0"/>
    <vehicle id="WtoN_232" type="type1" route="WtoN" depart="304" departSpeed="12.608974" departLane= "2"/>
    <vehicle id="NtoE_233" type="type1" route="NtoE" depart="304" departSpeed="10.541053" departLane= "2"/>
    <vehicle id="WtoE_234" type="type1" route="WtoE" depart="309" departSpeed="5.492595" departLane= "1"/>
    <vehicle id="EtoW_235" type="type1" route="EtoW" depart="310" departSpeed="8.843367" departLane= "1"/>
    <vehicle id="EtoS_236" type="type1" route="EtoS" depart="310" departSpeed="5.470882" departLane= "2"/>
    <vehicle id="EtoS_237" type="type1" route="EtoS" depart="311" departSpeed="6.198678" departLane= "2"/>
    <vehicle id="EtoN_238" type="type1" route="EtoN" depart="311" departSpeed="13.576127" departLane= "0"/>
    <vehicle id="WtoE_239" type="type1" route="WtoE" depart="312" departSpeed="11.735324" departLane= "1"/>
    <vehicle id="EtoW_240" type="type1" route="EtoW" depart="313" departSpeed="11.939020" departLane= "1"/>
    <vehicle id="EtoN_241" type="type1" route="EtoN" depart="313" departSpeed="13.248158" departLane= "0"/>
    <vehicle id="NtoW_242" type="type1" route="NtoW" depart="313" departSpeed="7.105092" departLane= "0"/>
    <vehicle id="StoE_243" type="type1" route="StoE" depart="313" departSpeed="12.662174" departLane= "0"/>
    <vehicle id="NtoE_244" type="type1" route="NtoE" depart="314" departSpeed="14.541520" departLane= "2"/>
    <vehicle id="EtoN_245" type="type1" route="EtoN" depart="316" departSpeed="11.840520" departLane= "0"/>
    <vehicle id="NtoE_246" type="type1" route="NtoE" depart="317" departSpeed="14.705262" departLane= "2"/>
    <vehicle id="NtoW_247" type="type1" route="NtoW" depart="317" departSpeed="15.348196" departLane= "0"/>
    <vehicle id="WtoN_248" type="type1" route="WtoN" depart="318" departSpeed="7.792912" departLane= "2"/>
    <vehicle id="NtoW_249" type="type1" route="NtoW" depart="318" departSpeed="7.133677" departLane= "0"/>
    <vehicle id="EtoN_250" type="type1" route="EtoN" depart="320" departSpeed="9.692810" departLane= "0"/>
    <vehicle id="StoN_251" type="type1" route="StoN" depart="323" departSpeed="7.289348" departLane= "1"/>
    <vehicle id="EtoS_252" type="type1" route="EtoS" depart="324" departSpeed="16.070923" departLane= "2"/>
    <vehicle id="WtoS_253" type="type1" route="WtoS" depart="324" departSpeed="14.956579" departLane= "0"/>
    <vehicle id="StoW_254" type="type1" route="StoW" depart="324" departSpeed="7.049084" departLane= "2"/>
    <vehicle id="WtoE_255" type="type1" route="WtoE" depart="325" departSpeed="6.209358" departLane= "1"/>
    <vehicle id="WtoN_256" type="type1" route="WtoN" depart="325" departSpeed="15.973327" departLane= "2"/>
    <vehicle id="WtoE_257" type="type1" route="WtoE" depart="328" departSpeed="10.497411" departLane= "1"/>
    <vehicle id="NtoW_258" type="type1" route="NtoW" depart="328" departSpeed="13.080400" departLane= "0"/>
    <vehicle id="StoE_259" type="type1" route="StoE" depart="329" departSpeed="9.794667" departLane= "0"/>
    <vehicle id="NtoS_260" type="type2" route="NtoS" depart="332" departSpeed="9.642178" departLane= "1"/>
    <vehicle id="WtoS_261" type="type1" route="WtoS" depart="334" departSpeed="13.167670" departLane= "0"/>
    <vehicle id="NtoE_262" type="type1" route="NtoE" depart="334" departSpeed="13.553560" departLane= "2"/>
    <vehicle id="StoE_263" type="type1" route="StoE" depart="337" departSpeed="5.866371" departLane= "0"/>
    <vehicle id="StoN_264" type="type1" route="StoN" depart="339" departSpeed="14.348234" departLane= "1"/>
    <vehicle id="NtoS_265" type="type2" route="NtoS" depart="340" departSpeed="8.701927" departLane= "1"/>
    <vehicle id="WtoS_266" type="type1" route="WtoS" depart="340" departSpeed="16.302640" departLane= "0"/>
    <vehicle id="EtoW_267" type="type1" route="EtoW" depart="341" departSpeed="12.018415" departLane= "1"/>
    <vehicle id="EtoW_268" type="type1" route="EtoW" depart="343" departSpeed="15.735716" departLane= "1"/>
    <vehicle id="WtoS_269" type="type1" route="WtoS" depart="344" departSpeed="14.232704" departLane= "0"/>
    <vehicle id="NtoS_270" type="type2" route="NtoS" depart="345" departSpeed="8.599794" departLane= "1"/>
    <vehicle id="StoN_271" type="type1" route="StoN" depart="345" departSpeed="8.448425" departLane= "1"/>
    <vehicle id="EtoW_272" type="type1" route="EtoW" depart="347" departSpeed="10.459549" departLane= "1"/>
    <vehicle id="StoW_273" type="type1" route="StoW" depart="348" departSpeed="11.231590" departLane= "2"/>
    <vehicle id="EtoW_274" type="type1" route="EtoW" depart="349" departSpeed="12.696311" departLane= "1"/>
    <vehicle id="StoN_275" type="type1" route="StoN" depart="349" departSpeed="16.510383" departLane= "1"/>
    <vehicle id="NtoE_276" type="type1" route="NtoE" depart="351" departSpeed="5.589777" departLane= "2"/>
    <vehicle id="StoE_277" type="type1" route="StoE" depart="351" departSpeed="14.516492" departLane= "0"/>
    <vehicle id="EtoW_278" type="type1" route="EtoW" depart="354" departSpeed="12.144814" departLane= "1"/>
    <vehicle id="EtoS_279" type="type1" route="EtoS" depart="355" departSpeed="10.315236" departLane= "2"/>
    <vehicle id="NtoS_280" type="type2" route="NtoS" depart="360" departSpeed="16.674407" departLane= "1"/>
    <vehicle id="WtoN_281" type="type1" route="WtoN" depart="360" departSpeed="12.944459" departLane= "2"/>
    <vehicle id="WtoE_282" type="type1" route="WtoE" depart="361" departSpeed="8.892276" departLane= "1"/>
    <vehicle id="WtoN_283" type="type1" route="WtoN" depart="361" departSpeed="15.298370" departLane= "2"/>
    <vehicle id="StoE_284" type="type1" route="StoE" depart="362" departSpeed="5.448331" departLane= "0"/>
    <vehicle id="NtoE_285" type="type1" route="NtoE" depart="365" departSpeed="9.314620" departLane= "2"/>
    <vehicle id="NtoW_286" type="type1" route="NtoW" depart="365" departSpeed="5.431092" departLane= "0"/>
    <vehicle id="NtoW_287" type="type1" route="NtoW" depart="366" departSpeed="6.331108" departLane= "0"/>
    <vehicle id="EtoN_288" type="type1" route="EtoN" depart="367" departSpeed="5.305313" departLane= "0"/>
    <vehicle id="NtoW_289" type="type1" route="NtoW" depart="367" departSpeed="6.168537" departLane= "0"/>
    <vehicle id="StoW_290" type="type1" route="StoW" depart="367" departSpeed="9.204829" departLane= "2"/>
    <vehicle id="StoE_291" type="type1" route="StoE" depart="368" departSpeed="7.591328" departLane= "0"/>
    <vehicle id="WtoE_292" type="type1" route="WtoE" depart="369" departSpeed="12.993127" departLane= "1"/>
    <vehicle id="NtoE_293" type="type1" route="NtoE" depart="372" departSpeed="16.236143" departLane= "2"/>
    <vehicle id="EtoS_294" type="type1" route="EtoS" depart="373" departSpeed="14.668885" departLane= "2"/>
    <vehicle id="EtoW_295" type="type1" route="EtoW" depart="374" departSpeed="10.463579" departLane= "1"/>
    <vehicle id="NtoS_296" type="type2" route="NtoS" depart="376" departSpeed="13.279005" departLane= "1"/>
    <vehicle id="WtoE_297" type="type1" route="WtoE" depart="383" departSpeed="7.226878" departLane= "1"/>
    <vehicle id="WtoE_298" type="type1" route="WtoE" depart="388" departSpeed="14.063440" departLane= "1"/>
    <vehicle id="NtoS_299" type="type2" route="NtoS" depart="390" departSpeed="8.317167" departLane= "1"/>
    <vehicle id="StoN_300" type="type1" route="StoN" depart="390" departSpeed="8.426962" departLane= "1"/>
    <vehicle id="EtoS_301" type="type1" route="EtoS" depart="391" departSpeed="7.756647" departLane= "2"/>
    <vehicle id="NtoS_302" type="type2" route="NtoS" depart="393" departSpeed="9.547647" departLane= "1"/>
    <vehicle id="NtoE_303" type="type1" route="NtoE" depart="394" departSpeed="9.697773" departLane= "2"/>
    <vehicle id="EtoS_304" type="type1" route="EtoS" depart="396" departSpeed="11.798547" departLane= "2"/>
    <vehicle id="WtoS_305" type="type1" route="WtoS" depart="396" departSpeed="16.674634" departLane= "0"/>
    <vehicle id="StoE_306" type="type1" route="StoE" depart="399" departSpeed="8.483309" departLane= "0"/>
    <vehicle id="EtoW_307" type="type1" route="EtoW" depart="402" departSpeed="12.813049" departLane= "1"/>
    <vehicle id="EtoS_308" type="type1" route="EtoS" depart="402" departSpeed="13.827522" departLane= "2"/>
    <vehicle id="NtoE_309" type="type1" route="NtoE" depart="404" departSpeed="16.835974" departLane= "2"/>
    <vehicle id="EtoN_310" type="type1" route="EtoN" depart="405" departSpeed="14.772616" departLane= "0"/>
    <vehicle id="WtoE_311" type="type1" route="WtoE" depart="411" departSpeed="9.626603" departLane= "1"/>
    <vehicle id="EtoN_312" type="type1" route="EtoN" depart="411" departSpeed="16.858409" departLane= "0"/>
    <vehicle id="WtoS_313" type="type1" route="WtoS" depart="411" departSpeed="14.811673" departLane= "0"/>
    <vehicle id="StoE_314" type="type1" route="StoE" depart="411" departSpeed="6.401918" departLane= "0"/>
    <vehicle id="StoN_315" type="type1" route="StoN" depart="413" departSpeed="10.143778" departLane= "1"/>
    <vehicle id="WtoS_316" type="type1" route="WtoS" depart="414" departSpeed="9.658830" departLane= "0"/>
    <vehicle id="NtoW_317" type="type1" route="NtoW" depart="414" departSpeed="9.176677" departLane= "0"/>
    <vehicle id="EtoW_318" type="type1" route="EtoW" depart="416" departSpeed="7.325780" departLane= "1"/>
    <vehicle id="WtoN_319" type="type1" route="WtoN" depart="416" departSpeed="5.917941" departLane= "2"/>
    <vehicle id="EtoN_320" type="type1" route="EtoN" depart="417" departSpeed="10.134396" departLane= "0"/>
    <vehicle id="StoW_321" type="type1" route="StoW" depart="420" departSpeed="12.928066" departLane= "2"/>
    <vehicle id="WtoE_322" type="type1" route="WtoE" depart="421" departSpeed="6.650315" departLane= "1"/>
    <vehicle id="WtoE_323" type="type1" route="WtoE" depart="422" departSpeed="12.654090" departLane= "1"/>
    <vehicle id="StoE_324" type="type1" route="StoE" depart="423" departSpeed="11.858480" departLane= "0"/>
    <vehicle id="NtoE_325" type="type1" route="NtoE" depart="426" departSpeed="13.506262" departLane= "2"/>
    <vehicle id="StoN_326" type="type1" route="StoN" depart="426" departSpeed="8.381122" departLane= "1"/>
    <vehicle id="WtoN_327" type="type1" route="WtoN" depart="428" departSpeed="13.114336" departLane= "2"/>
    <vehicle id="NtoW_328" type="type1" route="NtoW" depart="428" departSpeed="8.499967" departLane= "0"/>
    <vehicle id="NtoW_329" type="type1" route="NtoW" depart="429" departSpeed="7.194024" departLane= "0"/>
    <vehicle id="WtoE_330" type="type1" route="WtoE" depart="432" departSpeed="11.395255" departLane= "1"/>
    <vehicle id="StoW_331" type="type1" route="StoW" depart="432" departSpeed="15.952838" departLane= "2"/>
    <vehicle id="NtoW_332" type="type1" route="NtoW" depart="434" departSpeed="8.754877" departLane= "0"/>
    <vehicle id="NtoS_333" type="type2" route="NtoS" depart="436" departSpeed="15.086941" departLane= "1"/>
    <vehicle id="NtoE_334" type="type1" route="NtoE" depart="436" departSpeed="7.375802" departLane= "2"/>
    <vehicle id="EtoS_335" type="type1" route="EtoS" depart="437" departSpeed="9.398541" departLane= "2"/>
    <vehicle id="NtoE_336" type="type1" route="NtoE" depart="439" departSpeed="9.904405" departLane= "2"/>
    <vehicle id="NtoW_337" type="type1" route="NtoW" depart="440" departSpeed="10.802530" departLane= "0"/>
    <vehicle id="EtoS_338" type="type1" route="EtoS" depart="442" departSpeed="16.957321" departLane= "2"/>
    <vehicle id="EtoW_339" type="type1" route="EtoW" depart="443" departSpeed="15.463657" departLane= "1"/>
    <vehicle id="NtoS_340" type="type2" route="NtoS" depart="444" departSpeed="16.139888" departLane= "1"/>
    <vehicle id="NtoE_341" type="type1" route="NtoE" depart="445" departSpeed="5.449570" departLane= "2"/>
    <vehicle id="NtoW_342" type="type1" route="NtoW" depart="445" departSpeed="9.635353" departLane= "0"/>
    <vehicle id="EtoS_343" type="type1" route="EtoS" depart="449" departSpeed="10.098930" departLane= "2"/>
    <vehicle id="WtoN_344" type="type1" route="WtoN" depart="452" departSpeed="7.248858" departLane= "2"/>
    <vehicle id="EtoS_345" type="type1" route="EtoS" depart="453" departSpeed="13.620361" departLane= "2"/>
    <vehicle id="WtoS_346" type="type1" route="WtoS" depart="453" departSpeed="15.260120" departLane= "0"/>
    <vehicle id="NtoS_347" type="type2" route="NtoS" depart="456" departSpeed="14.812004" departLane= "1"/>
    <vehicle id="WtoS_348" type="type1" route="WtoS" depart="456" departSpeed="16.226140" departLane= "0"/>
    <vehicle id="WtoE_349" type="type1" route="WtoE" depart="458" departSpeed="15.432962" departLane= "1"/>
    <vehicle id="EtoN_350" type="type1" route="EtoN" depart="459" departSpeed="5.844698" departLane= "0"/>
    <vehicle id="StoN_351" type="type1" route="StoN" depart="459" departSpeed="16.571402" departLane= "1"/>
    <vehicle id="NtoS_352" type="type2" route="NtoS" depart="460" departSpeed="13.432439" departLane= "1"/>
    <vehicle id="WtoS_353" type="type1" route="WtoS" depart="461" departSpeed="16.070097" departLane= "0"/>
    <vehicle id="StoW_354" type="type1" route="StoW" depart="461" departSpeed="9.662545" departLane= "2"/>
    <vehicle id="StoE_355" type="type1" route="StoE" depart="461" departSpeed="10.621159" departLane= "0"/>
    <vehicle id="EtoW_356" type="type1" route="EtoW" depart="462" departSpeed="11.946336" departLane= "1"/>
    <vehicle id="NtoE_357" type="type1" route="NtoE" depart="463" departSpeed="15.507651" departLane= "2"/>
    <vehicle id="WtoS_358" type="type1" route="WtoS" depart="465" departSpeed="12.222392" departLane= "0"/>
    <vehicle id="NtoW_359" type="type1" route="NtoW" depart="469" departSpeed="15.727851" departLane= "0"/>
    <vehicle id="EtoW_360" type="type1" route="EtoW" depart="473" departSpeed="8.680060" departLane= "1"/>
    <vehicle id="EtoS_361" type="type1" route="EtoS" depart="477" departSpeed="15.936279" departLane= "2"/>
    <vehicle id="NtoS_362" type="type2" route="NtoS" depart="478" departSpeed="9.309705" departLane= "1"/>
    <vehicle id="EtoN_363" type="type1" route="EtoN" depart="478" departSpeed="12.050828" departLane= "0"/>
    <vehicle id="StoE_364" type="type1" route="StoE" depart="478" departSpeed="5.379290" departLane= "0"/>
    <vehicle id="WtoS_365" type="type1" route="WtoS" depart="479" departSpeed="5.450306" departLane= "0"/>
    <vehicle id="EtoW_366" type="type1" route="EtoW" depart="483" departSpeed="5.322482" departLane= "1"/>
    <vehicle id="StoW_367" type="type1" route="StoW" depart="486" departSpeed="5.344855" departLane= "2"/>
    <vehicle id="StoN_368" type="type1" route="StoN" depart="486" departSpeed="9.108061" departLane= "1"/>
    <vehicle id="NtoS_369" type="type2" route="NtoS" depart="487" departSpeed="11.474520" departLane= "1"/>
    <vehicle id="EtoS_370" type="type1" route="EtoS" depart="487" departSpeed="15.556654" departLane= "2"/>
    <vehicle id="WtoE_371" type="type1" route="WtoE" depart="488" departSpeed="15.930672" departLane= "1"/>
    <vehicle id="EtoW_372" type="type1" route="EtoW" depart="488" departSpeed="16.823376" departLane= "1"/>
    <vehicle id="StoN_373" type="type1" route="StoN" depart="488" departSpeed="15.546007" departLane= "1"/>
    <vehicle id="EtoW_374" type="type1" route="EtoW" depart="489" departSpeed="11.196092" departLane= "1"/>
    <vehicle id="WtoS_375" type="type1" route="WtoS" depart="491" departSpeed="10.098689" departLane= "0"/>
    <vehicle id="StoW_376" type="type1" route="StoW" depart="492" departSpeed="9.174263" departLane= "2"/>
    <vehicle id="EtoN_377" type="type1" route="EtoN" depart="493" departSpeed="10.405611" departLane= "0"/>
    <vehicle id="StoN_378" type="type1" route="StoN" depart="493" departSpeed="6.711444" departLane= "1"/>
    <vehicle id="NtoW_379" type="type1" route="NtoW" depart="494" departSpeed="10.183364" departLane= "0"/>
    <vehicle id="EtoW_380" type="type1" route="EtoW" depart="495" departSpeed="6.703320" departLane= "1"/>
    <vehicle id="WtoS_381" type="type1" route="WtoS" depart="495" departSpeed="7.777275" departLane= "0"/>
    <vehicle id="NtoW_382" type="type1" route="NtoW" depart="495" departSpeed="12.482833" departLane= "0"/>
    <vehicle id="StoW_383" type="type1" route="StoW" depart="495" departSpeed="15.662286" departLane= "2"/>
    <vehicle id="EtoW_384" type="type1" route="EtoW" depart="496" departSpeed="13.111813" departLane= "1"/>
    <vehicle id="EtoW_385" type="type1" route="EtoW" depart="497" departSpeed="14.938532" departLane= "1"/>
    <vehicle id="WtoN_386" type="type1" route="WtoN" depart="497" departSpeed="7.132801" departLane= "2"/>
    <vehicle id="EtoN_387" type="type1" route="EtoN" depart="498" departSpeed="8.853862" departLane= "0"/>
    <vehicle id="StoW_388" type="type1" route="StoW" depart="498" departSpeed="12.200203" departLane= "2"/>
    <vehicle id="WtoS_389" type="type1" route="WtoS" depart="499" departSpeed="10.041310" departLane= "0"/>
    <vehicle id="StoW_390" type="type1" route="StoW" depart="499" departSpeed="11.547520" departLane= "2"/>
    <vehicle id="StoW_391" type="type1" route="StoW" depart="500" departSpeed="8.003670" departLane= "2"/>
    <vehicle id="StoE_392" type="type1" route="StoE" depart="503" departSpeed="9.141352" departLane= "0"/>
    <vehicle id="EtoW_393" type="type1" route="EtoW" depart="504" departSpeed="13.790817" departLane= "1"/>
    <vehicle id="WtoE_394" type="type1" route="WtoE" depart="506" departSpeed="6.221507" departLane= "1"/>
    <vehicle id="NtoE_395" type="type1" route="NtoE" depart="506" departSpeed="5.330591" departLane= "2"/>
    <vehicle id="NtoW_396" type="type1" route="NtoW" depart="506" departSpeed="15.046954" departLane= "0"/>
    <vehicle id="NtoS_397" type="type2" route="NtoS" depart="507" departSpeed="6.628750" departLane= "1"/>
    <vehicle id="EtoN_398" type="type1" route="EtoN" depart="507" departSpeed="15.873610" departLane= "0"/>
    <vehicle id="EtoW_399" type="type1" route="EtoW" depart="508" departSpeed="10.678144" departLane= "1"/>
    <vehicle id="NtoS_400" type="type2" route="NtoS" depart="510" departSpeed="14.324899" departLane= "1"/>
    <vehicle id="StoN_401" type="type1" route="StoN" depart="510" departSpeed="7.458520" departLane= "1"/>
    <vehicle id="EtoN_402" type="type1" route="EtoN" depart="512" departSpeed="9.321996" departLane= "0"/>
    <vehicle id="NtoS_403" type="type2" route="NtoS" depart="513" departSpeed="16.649512" departLane= "1"/>
    <vehicle id="StoE_404" type="type1" route="StoE" depart="514" departSpeed="16.730830" departLane= "0"/>
    <vehicle id="WtoS_405" type="type1" route="WtoS" depart="518" departSpeed="11.920883" departLane= "0"/>
    <vehicle id="NtoS_406" type="type2" route="NtoS" depart="520" departSpeed="7.208564" departLane= "1"/>
    <vehicle id="StoN_407" type="type1" route="StoN" depart="520" departSpeed="13.467588" departLane= "1"/>
    <vehicle id="NtoS_408" type="type2" route="NtoS" depart="521" departSpeed="8.536133" departLane= "1"/>
    <vehicle id="EtoN_409" type="type1" route="EtoN" depart="521" departSpeed="7.705995" departLane= "0"/>
    <vehicle id="EtoW_410" type="type1" route="EtoW" depart="522" departSpeed="8.153750" departLane= "1"/>
    <vehicle id="NtoW_411" type="type1" route="NtoW" depart="522" departSpeed="13.518705" departLane= "0"/>
    <vehicle id="WtoE_412" type="type1" route="WtoE" depart="523" departSpeed="6.496103" departLane= "1"/>
    <vehicle id="NtoS_413" type="type2" route="NtoS" depart="528" departSpeed="8.012742" departLane= "1"/>
    <vehicle id="EtoN_414" type="type1" route="EtoN" depart="529" departSpeed="7.973740" departLane= "0"/>
    <vehicle id="NtoW_415" type="type1" route="NtoW" depart="529" departSpeed="14.675302" departLane= "0"/>
    <vehicle id="EtoN_416" type="type1" route="EtoN" depart="530" departSpeed="7.082036" departLane= "0"/>
    <vehicle id="StoW_417" type="type1" route="StoW" depart="530" departSpeed="5.650089" departLane= "2"/>
    <vehicle id="EtoN_418" type="type1" route="EtoN" depart="531" departSpeed="12.902328" departLane= "0"/>
    <vehicle id="WtoS_419" type="type1" route="WtoS" depart="534" departSpeed="12.954821" departLane= "0"/>
    <vehicle id="WtoS_420" type="type1" route="WtoS" depart="537" departSpeed="11.412260" departLane= "0"/>
    <vehicle id="WtoN_421" type="type1" route="WtoN" depart="538" departSpeed="12.296758" departLane= "2"/>
    <vehicle id="EtoN_422" type="type1" route="EtoN" depart="539" departSpeed="12.881279" departLane= "0"/>
    <vehicle id="StoW_423" type="type1" route="StoW" depart="541" departSpeed="11.191217" departLane= "2"/>
    <vehicle id="NtoS_424" type="type2" route="NtoS" depart="542" departSpeed="14.403221" departLane= "1"/>
    <vehicle id="EtoN_425" type="type1" route="EtoN" depart="542" departSpeed="6.603469" departLane= "0"/>
    <vehicle id="WtoN_426" type="type1" route="WtoN" depart="542" departSpeed="6.486197" departLane= "2"/>
    <vehicle id="NtoE_427" type="type1" route="NtoE" depart="542" departSpeed="15.243715" departLane= "2"/>
    <vehicle id="StoE_428" type="type1" route="StoE" depart="542" departSpeed="8.757566" departLane= "0"/>
    <vehicle id="WtoN_429" type="type1" route="WtoN" depart="543" departSpeed="13.187852" departLane= "2"/>
    <vehicle id="EtoW_430" type="type1" route="EtoW" depart="544" departSpeed="9.318645" departLane= "1"/>
    <vehicle id="EtoS_431" type="type1" route="EtoS" depart="544" departSpeed="14.868253" departLane= "2"/>
    <vehicle id="WtoN_432" type="type1" route="WtoN" depart="545" departSpeed="6.152460" departLane= "2"/>
    <vehicle id="EtoW_433" type="type1" route="EtoW" depart="546" departSpeed="7.396082" departLane= "1"/>
    <vehicle id="StoW_434" type="type1" route="StoW" depart="547" departSpeed="7.052293" departLane= "2"/>
    <vehicle id="EtoS_435" type="type1" route="EtoS" depart="548" departSpeed="7.912225" departLane= "2"/>
    <vehicle id="WtoS_436" type="type1" route="WtoS" depart="549" departSpeed="14.126993" departLane= "0"/>
    <vehicle id="StoE_437" type="type1" route="StoE" depart="551" departSpeed="10.790692" departLane= "0"/>
    <vehicle id="NtoS_438" type="type2" route="NtoS" depart="553" departSpeed="6.903484" departLane= "1"/>
    <vehicle id="WtoE_439" type="type1" route="WtoE" depart="555" departSpeed="15.225890" departLane= "1"/>
    <vehicle id="StoE_440" type="type1" route="StoE" depart="557" departSpeed="12.165725" departLane= "0"/>
    <vehicle id="EtoW_441" type="type1" route="EtoW" depart="558" departSpeed="16.175055" departLane= "1"/>
    <vehicle id="StoW_442" type="type1" route="StoW" depart="558" departSpeed="12.258692" departLane= "2"/>
    <vehicle id="StoE_443" type="type1" route="StoE" depart="558" departSpeed="13.399164" departLane= "0"/>
    <vehicle id="EtoN_444" type="type1" route="EtoN" depart="560" departSpeed="14.525392" departLane= "0"/>
    <vehicle id="StoW_445" type="type1" route="StoW" depart="561" departSpeed="7.529000" departLane= "2"/>
    <vehicle id="StoE_446" type="type1" route="StoE" depart="561" departSpeed="10.193981" departLane= "0"/>
    <vehicle id="EtoN_447" type="type1" route="EtoN" depart="564" departSpeed="5.770975" departLane= "0"/>
    <vehicle id="WtoS_448" type="type1" route="WtoS" depart="564" departSpeed="10.765815" departLane= "0"/>
    <vehicle id="StoN_449" type="type1" route="StoN" depart="565" departSpeed="15.206040" departLane= "1"/>
    <vehicle id="NtoS_450" type="type2" route="NtoS" depart="567" departSpeed="5.860569" departLane= "1"/>
    <vehicle id="StoW_451" type="type1" route="StoW" depart="568" departSpeed="14.139014" departLane= "2"/>
    <vehicle id="StoE_452" type="type1" route="StoE" depart="569" departSpeed="5.564549" departLane= "0"/>
    <vehicle id="NtoS_453" type="type2" route="NtoS" depart="570" departSpeed="16.365791" departLane= "1"/>
    <vehicle id="WtoE_454" type="type1" route="WtoE" depart="572" departSpeed="9.143723" departLane= "1"/>
    <vehicle id="WtoE_455" type="type1" route="WtoE" depart="574" departSpeed="16.652194" departLane= "1"/>
    <vehicle id="WtoN_456" type="type1" route="WtoN" depart="576" departSpeed="13.014360" departLane= "2"/>
    <vehicle id="EtoS_457" type="type1" route="EtoS" depart="577" departSpeed="13.763881" departLane= "2"/>
    <vehicle id="EtoN_458" type="type1" route="EtoN" depart="579" departSpeed="15.383249" departLane= "0"/>
    <vehicle id="WtoS_459" type="type1" route="WtoS" depart="579" departSpeed="10.683682" departLane= "0"/>
    <vehicle id="WtoN_460" type="type1" route="WtoN" depart="583" departSpeed="6.916113" departLane= "2"/>
    <vehicle id="NtoW_461" type="type1" route="NtoW" depart="584" departSpeed="8.591841" departLane= "0"/>
    <vehicle id="StoN_462" type="type1" route="StoN" depart="584" departSpeed="14.575233" departLane= "1"/>
    <vehicle id="NtoE_463" type="type1" route="NtoE" depart="585" departSpeed="10.768325" departLane= "2"/>
    <vehicle id="NtoW_464" type="type1" route="NtoW" depart="585" departSpeed="8.762627" departLane= "0"/>
    <vehicle id="EtoN_465" type="type1" route="EtoN" depart="586" departSpeed="12.108719" departLane= "0"/>
    <vehicle id="StoN_466" type="type1" route="StoN" depart="586" departSpeed="5.276236" departLane= "1"/>
    <vehicle id="StoE_467" type="type1" route="StoE" depart="588" departSpeed="8.481090" departLane= "0"/>
    <vehicle id="StoN_468" type="type1" route="StoN" depart="589" departSpeed="9.407909" departLane= "1"/>
    <vehicle id="WtoN_469" type="type1" route="WtoN" depart="591" departSpeed="6.437648" departLane= "2"/>
    <vehicle id="StoE_470" type="type1" route="StoE" depart="591" departSpeed="8.471226" departLane= "0"/>
    <vehicle id="EtoS_471" type="type1" route="EtoS" depart="592" departSpeed="10.830004" departLane= "2"/>
    <vehicle id="StoW_472" type="type1" route="StoW" depart="592" departSpeed="5.710855" departLane= "2"/>
    <vehicle id="WtoN_473" type="type1" route="WtoN" depart="593" departSpeed="11.799920" departLane= "2"/>
    <vehicle id="StoE_474" type="type1" route="StoE" depart="594" departSpeed="9.995901" departLane= "0"/>
    <vehicle id="StoN_475" type="type1" route="StoN" depart="594" departSpeed="5.987382" departLane= "1"/>
    <vehicle id="NtoS_476" type="type2" route="NtoS" depart="599" departSpeed="6.394121" departLane= "1"/>
    <vehicle id="WtoN_477" type="type1" route="WtoN" depart="599" departSpeed="9.061524" departLane= "2"/>
    <vehicle id="WtoN_478" type="type1" route="WtoN" depart="602" departSpeed="9.033964" departLane= "2"/>
    <vehicle id="WtoS_479" type="type1" route="WtoS" depart="605" departSpeed="8.727733" departLane= "0"/>
    <vehicle id="StoE_480" type="type1" route="StoE" depart="606" departSpeed="16.491841" departLane= "0"/>
    <vehicle id="WtoS_481" type="type1" route="WtoS" depart="607" departSpeed="15.560314" departLane= "0"/>
    <vehicle id="StoE_482" type="type1" route="StoE" depart="607" departSpeed="14.752767" departLane= "0"/>
    <vehicle id="StoW_483" type="type1" route="StoW" depart="608" departSpeed="7.944542" departLane= "2"/>
    <vehicle id="EtoN_484" type="type1" route="EtoN" depart="609" departSpeed="15.021260" departLane= "0"/>
    <vehicle id="StoN_485" type="type1" route="StoN" depart="609" departSpeed="12.162732" departLane= "1"/>
    <vehicle id="StoW_486" type="type1" route="StoW" depart="610" departSpeed="6.148752" departLane= "2"/>
    <vehicle id="EtoS_487" type="type1" route="EtoS" depart="611" departSpeed="13.934438" departLane= "2"/>
    <vehicle id="NtoS_488" type="type2" route="NtoS" depart="612" departSpeed="7.271150" departLane= "1"/>
    <vehicle id="WtoN_489" type="type1" route="WtoN" depart="612" departSpeed="10.332742" departLane= "2"/>
    <vehicle id="StoE_490" type="type1" route="StoE" depart="614" departSpeed="13.018152" departLane= "0"/>
    <vehicle id="StoE_491" type="type1" route="StoE" depart="615" departSpeed="8.766517" departLane= "0"/>
    <vehicle id="EtoS_492" type="type1" route="EtoS" depart="618" departSpeed="16.003871" departLane= "2"/>
    <vehicle id="EtoW_493" type="type1" route="EtoW" depart="619" departSpeed="9.649002" departLane= "1"/>
    <vehicle id="NtoS_494" type="type2" route="NtoS" depart="619" departSpeed="10.591006" departLane= "1"/>
    <vehicle id="WtoS_495" type="type1" route="WtoS" depart="620" departSpeed="11.155402" departLane= "0"/>
    <vehicle id="NtoS_496" type="type2" route="NtoS" depart="621" departSpeed="6.867036" departLane= "1"/>
    <vehicle id="EtoN_497" type="type1" route="EtoN" depart="625" departSpeed="7.057894" departLane= "0"/>
    <vehicle id="NtoE_498" type="type1" route="NtoE" depart="625" departSpeed="9.418113" departLane= "2"/>
    <vehicle id="WtoE_499" type="type1" route="WtoE" depart="627" departSpeed="11.458019" departLane= "1"/>
    <vehicle id="EtoN_500" type="type1" route="EtoN" depart="627" departSpeed="6.403164" departLane= "0"/>
    <vehicle id="NtoS_501" type="type2" route="NtoS" depart="628" departSpeed="14.030158" departLane= "1"/>
    <vehicle id="NtoE_502" type="type1" route="NtoE" depart="630" departSpeed="13.914884" departLane= "2"/>
    <vehicle id="NtoW_503" type="type1" route="NtoW" depart="630" departSpeed="11.388993" departLane= "0"/>
    <vehicle id="NtoW_504" type="type1" route="NtoW" depart="632" departSpeed="7.396300" departLane= "0"/>
    <vehicle id="EtoN_505" type="type1" route="EtoN" depart="633" departSpeed="10.721417" departLane= "0"/>
    <vehicle id="StoE_506" type="type1" route="StoE" depart="636" departSpeed="14.305982" departLane= "0"/>
    <vehicle id="NtoS_507" type="type2" route="NtoS" depart="638" departSpeed="15.401005" departLane= "1"/>
    <vehicle id="EtoS_508" type="type1" route="EtoS" depart="640" departSpeed="12.405325" departLane= "2"/>
    <vehicle id="StoN_509" type="type1" route="StoN" depart="640" departSpeed="10.741113" departLane= "1"/>
    <vehicle id="StoW_510" type="type1" route="StoW" depart="641" departSpeed="6.644823" departLane= "2"/>
    <vehicle id="StoN_511" type="type1" route="StoN" depart="643" departSpeed="7.663087" departLane= "1"/>
    <vehicle id="NtoS_512" type="type2" route="NtoS" depart="644" departSpeed="11.061685" departLane= "1"/>
    <vehicle id="EtoN_513" type="type1" route="EtoN" depart="644" departSpeed="16.338709" departLane= "0"/>
    <vehicle id="WtoS_514" type="type1" route="WtoS" depart="647" departSpeed="13.337455" departLane= "0"/>
    <vehicle id="NtoW_515" type="type1" route="NtoW" depart="647" departSpeed="8.426431" departLane= "0"/>
    <vehicle id="StoW_516" type="type1" route="StoW" depart="651" departSpeed="9.129500" departLane= "2"/>
    <vehicle id="EtoS_517" type="type1" route="EtoS" depart="652" departSpeed="7.478025" departLane= "2"/>
    <vehicle id="EtoN_518" type="type1" route="EtoN" depart="652" departSpeed="13.478960" departLane= "0"/>
    <vehicle id="WtoN_519" type="type1" route="WtoN" depart="652" departSpeed="9.874718" departLane= "2"/>
    <vehicle id="NtoW_520" type="type1" route="NtoW" depart="652" departSpeed="5.066894" departLane= "0"/>
    <vehicle id="StoW_521" type="type1" route="StoW" depart="652" departSpeed="5.420997" departLane= "2"/>
    <vehicle id="StoE_522" type="type1" route="StoE" depart="654" departSpeed="6.312739" departLane= "0"/>
    <vehicle id="NtoW_523" type="type1" route="NtoW" depart="659" departSpeed="5.243470" departLane= "0"/>
    <vehicle id="WtoE_524" type="type1" route="WtoE" depart="660" departSpeed="12.699546" departLane= "1"/>
    <vehicle id="EtoS_525" type="type1" route="EtoS" depart="662" departSpeed="15.960304" departLane= "2"/>
    <vehicle id="WtoN_526" type="type1" route="WtoN" depart="662" departSpeed="9.543320" departLane= "2"/>
    <vehicle id="NtoE_527" type="type1" route="NtoE" depart="664" departSpeed="6.989913" departLane= "2"/>
    <vehicle id="NtoS_528" type="type2" route="NtoS" depart="666" departSpeed="10.332847" departLane= "1"/>
    <vehicle id="WtoE_529" type="type1" route="WtoE" depart="670" departSpeed="14.237070" departLane= "1"/>
    <vehicle id="NtoE_530" type="type1" route="NtoE" depart="670" departSpeed="5.104312" departLane= "2"/>
    <vehicle id="EtoN_531" type="type1" route="EtoN" depart="671" departSpeed="10.869962" departLane= "0"/>
    <vehicle id="StoE_532" type="type1" route="StoE" depart="674" departSpeed="16.400349" departLane= "0"/>
    <vehicle id="StoE_533" type="type1" route="StoE" depart="679" departSpeed="6.709967" departLane= "0"/>
    <vehicle id="StoN_534" type="type1" route="StoN" depart="679" departSpeed="7.069552" departLane= "1"/>
    <vehicle id="StoE_535" type="type1" route="StoE" depart="680" departSpeed="12.875381" departLane= "0"/>
    <vehicle id="NtoE_536" type="type1" route="NtoE" depart="681" departSpeed="5.284296" departLane= "2"/>
    <vehicle id="NtoS_537" type="type2" route="NtoS" depart="682" departSpeed="6.527831" departLane= "1"/>
    <vehicle id="NtoE_538" type="type1" route="NtoE" depart="682" departSpeed="14.079487" departLane= "2"/>
    <vehicle id="StoE_539" type="type1" route="StoE" depart="683" departSpeed="9.971975" departLane= "0"/>
    <vehicle id="StoN_540" type="type1" route="StoN" depart="683" departSpeed="16.480871" departLane= "1"/>
    <vehicle id="WtoN_541" type="type1" route="WtoN" depart="684" departSpeed="14.161967" departLane= "2"/>
    <vehicle id="StoN_542" type="type1" route="StoN" depart="684" departSpeed="10.900938" departLane= "1"/>
    <vehicle id="StoE_543" type="type1" route="StoE" depart="685" departSpeed="16.991754" departLane= "0"/>
    <vehicle id="EtoN_544" type="type1" route="EtoN" depart="687" departSpeed="8.959398" departLane= "0"/>
    <vehicle id="StoW_545" type="type1" route="StoW" depart="687" departSpeed="14.450613" departLane= "2"/>
    <vehicle id="EtoN_546" type="type1" route="EtoN" depart="688" departSpeed="11.421715" departLane= "0"/>
    <vehicle id="WtoE_547" type="type1" route="WtoE" depart="689" departSpeed="6.923228" departLane= "1"/>
    <vehicle id="StoE_548" type="type1" route="StoE" depart="689" departSpeed="16.030310" departLane= "0"/>
    <vehicle id="StoW_549" type="type1" route="StoW" depart="691" departSpeed="9.083371" departLane= "2"/>
    <vehicle id="StoN_550" type="type1" route="StoN" depart="691" departSpeed="6.800692" departLane= "1"/>
    <vehicle id="EtoS_551" type="type1" route="EtoS" depart="692" departSpeed="14.946850" departLane= "2"/>
    <vehicle id="NtoS_552" type="type2" route="NtoS" depart="694" departSpeed="5.616762" departLane= "1"/>
    <vehicle id="EtoS_553" type="type1" route="EtoS" depart="694" departSpeed="5.358864" departLane= "2"/>
    <vehicle id="WtoN_554" type="type1" route="WtoN" depart="697" departSpeed="12.134176" departLane= "2"/>
    <vehicle id="NtoW_555" type="type1" route="NtoW" depart="697" departSpeed="11.864088" departLane= "0"/>
    <vehicle id="NtoS_556" type="type2" route="NtoS" depart="705" departSpeed="5.844714" departLane= "1"/>
    <vehicle id="StoE_557" type="type1" route="StoE" depart="707" departSpeed="9.307876" departLane= "0"/>
    <vehicle id="NtoE_558" type="type1" route="NtoE" depart="718" departSpeed="6.022339" departLane= "2"/>
    <vehicle id="StoE_559" type="type1" route="StoE" depart="718" departSpeed="16.172392" departLane= "0"/>
    <vehicle id="WtoS_560" type="type1" route="WtoS" depart="720" departSpeed="5.267491" departLane= "0"/>
    <vehicle id="StoN_561" type="type1" route="StoN" depart="720" departSpeed="16.133366" departLane= "1"/>
    <vehicle id="EtoS_562" type="type1" route="EtoS" depart="724" departSpeed="6.882582" departLane= "2"/>
    <vehicle id="StoW_563" type="type1" route="StoW" depart="724" departSpeed="8.758400" departLane= "2"/>
    <vehicle id="EtoW_564" type="type1" route="EtoW" depart="725" departSpeed="14.621862" departLane= "1"/>
    <vehicle id="StoE_565" type="type1" route="StoE" depart="725" departSpeed="14.744600" departLane= "0"/>
    <vehicle id="NtoS_566" type="type2" route="NtoS" depart="726" departSpeed="15.806161" departLane= "1"/>
    <vehicle id="NtoW_567" type="type1" route="NtoW" depart="726" departSpeed="9.708852" departLane= "0"/>
    <vehicle id="EtoW_568" type="type1" route="EtoW" depart="733" departSpeed="12.891074" departLane= "1"/>
    <vehicle id="NtoS_569" type="type2" route="NtoS" depart="736" departSpeed="16.634172" departLane= "1"/>
    <vehicle id="WtoS_570" type="type1" route="WtoS" depart="740" departSpeed="12.060612" departLane= "0"/>
    <vehicle id="NtoW_571" type="type1" route="NtoW" depart="741" departSpeed="6.741163" departLane= "0"/>
    <vehicle id="WtoS_572" type="type1" route="WtoS" depart="743" departSpeed="8.972821" departLane= "0"/>
    <vehicle id="NtoE_573" type="type1" route="NtoE" depart="744" departSpeed="8.612157" departLane= "2"/>
    <vehicle id="NtoS_574" type="type2" route="NtoS" depart="749" departSpeed="8.717951" departLane= "1"/>
    <vehicle id="EtoN_575" type="type1" route="EtoN" depart="749" departSpeed="16.232721" departLane= "0"/>
    <vehicle id="NtoW_576" type="type1" route="NtoW" depart="749" departSpeed="11.653123" departLane= "0"/>
    <vehicle id="NtoW_577" type="type1" route="NtoW" depart="751" departSpeed="5.078547" departLane= "0"/>
    <vehicle id="StoW_578" type="type1" route="StoW" depart="753" departSpeed="16.789191" departLane= "2"/>
    <vehicle id="StoE_579" type="type1" route="StoE" depart="753" departSpeed="7.745331" departLane= "0"/>
    <vehicle id="WtoN_580" type="type1" route="WtoN" depart="754" departSpeed="14.418443" departLane= "2"/>
    <vehicle id="EtoW_581" type="type1" route="EtoW" depart="755" departSpeed="5.655808" departLane= "1"/>
    <vehicle id="NtoE_582" type="type1" route="NtoE" depart="755" departSpeed="16.519297" departLane= "2"/>
    <vehicle id="StoE_583" type="type1" route="StoE" depart="756" departSpeed="9.226425" departLane= "0"/>
    <vehicle id="NtoS_584" type="type2" route="NtoS" depart="757" departSpeed="8.340061" departLane= "1"/>
    <vehicle id="EtoN_585" type="type1" route="EtoN" depart="759" departSpeed="12.668856" departLane= "0"/>
    <vehicle id="StoN_586" type="type1" route="StoN" depart="760" departSpeed="16.706347" departLane= "1"/>
    <vehicle id="StoE_587" type="type1" route="StoE" depart="761" departSpeed="9.422850" departLane= "0"/>
    <vehicle id="NtoS_588" type="type2" route="NtoS" depart="762" departSpeed="12.023345" departLane= "1"/>
    <vehicle id="EtoN_589" type="type1" route="EtoN" depart="763" departSpeed="11.139228" departLane= "0"/>
    <vehicle id="NtoE_590" type="type1" route="NtoE" depart="763" departSpeed="12.675960" departLane= "2"/>
    <vehicle id="StoW_591" type="type1" route="StoW" depart="763" departSpeed="16.386482" departLane= "2"/>
    <vehicle id="EtoW_592" type="type1" route="EtoW" depart="765" departSpeed="9.163632" departLane= "1"/>
    <vehicle id="NtoE_593" type="type1" route="NtoE" depart="768" departSpeed="10.217028" departLane= "2"/>
    <vehicle id="EtoW_594" type="type1" route="EtoW" depart="769" departSpeed="16.202425" departLane= "1"/>
    <vehicle id="NtoS_595" type="type2" route="NtoS" depart="770" departSpeed="12.869319" departLane= "1"/>
    <vehicle id="EtoS_596" type="type1" route="EtoS" depart="773" departSpeed="9.632701" departLane= "2"/>
    <vehicle id="StoN_597" type="type1" route="StoN" depart="777" departSpeed="8.821519" departLane= "1"/>
    <vehicle id="NtoS_598" type="type2" route="NtoS" depart="780" departSpeed="5.378523" departLane= "1"/>
    <vehicle id="NtoW_599" type="type1" route="NtoW" depart="781" departSpeed="13.671990" departLane= "0"/>
    <vehicle id="StoE_600" type="type1" route="StoE" depart="781" departSpeed="15.056197" departLane= "0"/>
    <vehicle id="NtoE_601" type="type1" route="NtoE" depart="785" departSpeed="7.482835" departLane= "2"/>
    <vehicle id="EtoS_602" type="type1" route="EtoS" depart="786" departSpeed="12.053179" departLane= "2"/>
    <vehicle id="WtoS_603" type="type1" route="WtoS" depart="788" departSpeed="14.203854" departLane= "0"/>
    <vehicle id="WtoE_604" type="type1" route="WtoE" depart="790" departSpeed="7.101723" departLane= "1"/>
    <vehicle id="EtoW_605" type="type1" route="EtoW" depart="792" departSpeed="8.029542" departLane= "1"/>
    <vehicle id="WtoS_606" type="type1" route="WtoS" depart="792" departSpeed="10.049828" departLane= "0"/>
    <vehicle id="WtoE_607" type="type1" route="WtoE" depart="793" departSpeed="12.149412" departLane= "1"/>
    <vehicle id="EtoW_608" type="type1" route="EtoW" depart="795" departSpeed="11.493550" departLane= "1"/>
    <vehicle id="StoE_609" type="type1" route="StoE" depart="797" departSpeed="12.903361" departLane= "0"/>
    <vehicle id="NtoS_610" type="type2" route="NtoS" depart="801" departSpeed="10.924848" departLane= "1"/>
    <vehicle id="EtoN_611" type="type1" route="EtoN" depart="803" departSpeed="6.592877" departLane= "0"/>
    <vehicle id="EtoW_612" type="type1" route="EtoW" depart="805" departSpeed="8.532507" departLane= "1"/>
    <vehicle id="StoE_613" type="type1" route="StoE" depart="807" departSpeed="10.668462" departLane= "0"/>
    <vehicle id="EtoS_614" type="type1" route="EtoS" depart="811" departSpeed="7.589341" departLane= "2"/>
    <vehicle id="NtoW_615" type="type1" route="NtoW" depart="811" departSpeed="7.486398" departLane= "0"/>
    <vehicle id="EtoN_616" type="type1" route="EtoN" depart="815" departSpeed="8.939425" departLane= "0"/>
    <vehicle id="EtoW_617" type="type1" route="EtoW" depart="816" departSpeed="13.871265" departLane= "1"/>
    <vehicle id="StoW_618" type="type1" route="StoW" depart="816" departSpeed="16.787832" departLane= "2"/>
    <vehicle id="EtoN_619" type="type1" route="EtoN" depart="817" departSpeed="6.122002" departLane= "0"/>
    <vehicle id="StoN_620" type="type1" route="StoN" depart="819" departSpeed="9.829731" departLane= "1"/>
    <vehicle id="NtoE_621" type="type1" route="NtoE" depart="820" departSpeed="16.243063" departLane= "2"/>
    <vehicle id="WtoN_622" type="type1" route="WtoN" depart="822" departSpeed="16.612522" departLane= "2"/>
    <vehicle id="StoW_623" type="type1" route="StoW" depart="822" departSpeed="8.684052" departLane= "2"/>
    <vehicle id="StoE_624" type="type1" route="StoE" depart="823" departSpeed="12.464954" departLane= "0"/>
    <vehicle id="WtoS_625" type="type1" route="WtoS" depart="824" departSpeed="10.214984" departLane= "0"/>
    <vehicle id="WtoS_626" type="type1" route="WtoS" depart="827" departSpeed="15.123819" departLane= "0"/>
    <vehicle id="EtoS_627" type="type1" route="EtoS" depart="829" departSpeed="9.666139" departLane= "2"/>
    <vehicle id="NtoW_628" type="type1" route="NtoW" depart="829" departSpeed="14.148330" departLane= "0"/>
    <vehicle id="NtoW_629" type="type1" route="NtoW" depart="830" departSpeed="6.981555" departLane= "0"/>
    <vehicle id="StoE_630" type="type1" route="StoE" depart="831" departSpeed="8.716766" departLane= "0"/>
    <vehicle id="EtoW_631" type="type1" route="EtoW" depart="832" departSpeed="5.396587" departLane= "1"/>
    <vehicle id="EtoS_632" type="type1" route="EtoS" depart="833" departSpeed="16.360544" departLane= "2"/>
    <vehicle id="NtoS_633" type="type2" route="NtoS" depart="834" departSpeed="9.645967" departLane= "1"/>
    <vehicle id="StoE_634" type="type1" route="StoE" depart="837" departSpeed="9.371440" departLane= "0"/>
    <vehicle id="StoW_635" type="type1" route="StoW" depart="841" departSpeed="13.143914" departLane= "2"/>
    <vehicle id="EtoW_636" type="type1" route="EtoW" depart="842" departSpeed="8.663806" departLane= "1"/>
    <vehicle id="WtoS_637" type="type1" route="WtoS" depart="843" departSpeed="6.220941" departLane= "0"/>
    <vehicle id="NtoE_638" type="type1" route="NtoE" depart="843" departSpeed="7.464932" departLane= "2"/>
    <vehicle id="EtoW_639" type="type1" route="EtoW" depart="844" departSpeed="8.158589" departLane= "1"/>
    <vehicle id="StoW_640" type="type1" route="StoW" depart="845" departSpeed="14.943197" departLane= "2"/>
    <vehicle id="StoN_641" type="type1" route="StoN" depart="846" departSpeed="13.610849" departLane= "1"/>
    <vehicle id="WtoN_642" type="type1" route="WtoN" depart="851" departSpeed="15.187470" departLane= "2"/>
    <vehicle id="NtoE_643" type="type1" route="NtoE" depart="851" departSpeed="9.918545" departLane= "2"/>
    <vehicle id="NtoW_644" type="type1" route="NtoW" depart="851" departSpeed="12.833605" departLane= "0"/>
    <vehicle id="EtoN_645" type="type1" route="EtoN" depart="852" departSpeed="15.348965" departLane= "0"/>
    <vehicle id="NtoE_646" type="type1" route="NtoE" depart="852" departSpeed="14.604093" departLane= "2"/>
    <vehicle id="EtoW_647" type="type1" route="EtoW" depart="857" departSpeed="9.233061" departLane= "1"/>
    <vehicle id="NtoS_648" type="type2" route="NtoS" depart="857" departSpeed="15.900635" departLane= "1"/>
    <vehicle id="WtoS_649" type="type1" route="WtoS" depart="857" departSpeed="15.566193" departLane= "0"/>
    <vehicle id="StoN_650" type="type1" route="StoN" depart="860" departSpeed="16.649755" departLane= "1"/>
    <vehicle id="WtoN_651" type="type1" route="WtoN" depart="863" departSpeed="7.498721" departLane= "2"/>
    <vehicle id="NtoE_652" type="type1" route="NtoE" depart="863" departSpeed="5.190394" departLane= "2"/>
    <vehicle id="NtoW_653" type="type1" route="NtoW" depart="865" departSpeed="15.313708" departLane= "0"/>
    <vehicle id="StoW_654" type="type1" route="StoW" depart="866" departSpeed="15.220642" departLane= "2"/>
    <vehicle id="NtoW_655" type="type1" route="NtoW" depart="867" departSpeed="8.108308" departLane= "0"/>
    <vehicle id="NtoE_656" type="type1" route="NtoE" depart="870" departSpeed="15.987071" departLane= "2"/>
    <vehicle id="StoN_657" type="type1" route="StoN" depart="873" departSpeed="12.035459" departLane= "1"/>
    <vehicle id="WtoS_658" type="type1" route="WtoS" depart="874" departSpeed="11.598013" departLane= "0"/>
    <vehicle id="EtoS_659" type="type1" route="EtoS" depart="882" departSpeed="9.166110" departLane= "2"/>
    <vehicle id="EtoN_660" type="type1" route="EtoN" depart="883" departSpeed="9.802090" departLane= "0"/>
    <vehicle id="WtoN_661" type="type1" route="WtoN" depart="885" departSpeed="16.644730" departLane= "2"/>
    <vehicle id="NtoW_662" type="type1" route="NtoW" depart="885" departSpeed="8.328207" departLane= "0"/>
    <vehicle id="EtoN_663" type="type1" route="EtoN" depart="889" departSpeed="13.513094" departLane= "0"/>
    <vehicle id="EtoN_664" type="type1" route="EtoN" depart="890" departSpeed="8.370401" departLane= "0"/>
    <vehicle id="EtoN_665" type="type1" route="EtoN" depart="891" departSpeed="10.864362" departLane= "0"/>
    <vehicle id="NtoW_666" type="type1" route="NtoW" depart="893" departSpeed="15.358890" departLane= "0"/>
    <vehicle id="EtoW_667" type="type1" route="EtoW" depart="895" departSpeed="16.666903" departLane= "1"/>
    <vehicle id="EtoS_668" type="type1" route="EtoS" depart="895" departSpeed="10.665897" departLane= "2"/>
    <vehicle id="EtoN_669" type="type1" route="EtoN" depart="895" departSpeed="5.384648" departLane= "0"/>
    <vehicle id="WtoE_670" type="type1" route="WtoE" depart="896" departSpeed="6.786082" departLane= "1"/>
    <vehicle id="StoW_671" type="type1" route="StoW" depart="896" departSpeed="15.828575" departLane= "2"/>
    <vehicle id="StoN_672" type="type1" route="StoN" depart="896" departSpeed="13.747757" departLane= "1"/>
    <vehicle id="EtoN_673" type="type1" route="EtoN" depart="897" departSpeed="11.602770" departLane= "0"/>
    <vehicle id="NtoS_674" type="type2" route="NtoS" depart="901" departSpeed="16.602912" departLane= "1"/>
    <vehicle id="NtoS_675" type="type2" route="NtoS" depart="902" departSpeed="11.290787" departLane= "1"/>
    <vehicle id="StoW_676" type="type1" route="StoW" depart="902" departSpeed="14.539042" departLane= "2"/>
    <vehicle id="EtoW_677" type="type1" route="EtoW" depart="903" departSpeed="9.010783" departLane= "1"/>
    <vehicle id="WtoN_678" type="type1" route="WtoN" depart="903" departSpeed="11.947831" departLane= "2"/>
    <vehicle id="WtoE_679" type="type1" route="WtoE" depart="906" departSpeed="7.518042" departLane= "1"/>
    <vehicle id="StoN_680" type="type1" route="StoN" depart="906" departSpeed="5.574832" departLane= "1"/>
    <vehicle id="StoN_681" type="type1" route="StoN" depart="907" departSpeed="9.839981" departLane= "1"/>
    <vehicle id="EtoW_682" type="type1" route="EtoW" depart="908" departSpeed="7.008535" departLane= "1"/>
    <vehicle id="EtoS_683" type="type1" route="EtoS" depart="908" departSpeed="12.594113" departLane= "2"/>
    <vehicle id="EtoS_684" type="type1" route="EtoS" depart="910" departSpeed="8.752809" departLane= "2"/>
    <vehicle id="StoW_685" type="type1" route="StoW" depart="910" departSpeed="14.719813" departLane= "2"/>
    <vehicle id="WtoN_686" type="type1" route="WtoN" depart="911" departSpeed="13.232264" departLane= "2"/>
    <vehicle id="EtoN_687" type="type1" route="EtoN" depart="913" departSpeed="12.056099" departLane= "0"/>
    <vehicle id="WtoS_688" type="type1" route="WtoS" depart="913" departSpeed="15.230819" departLane= "0"/>
    <vehicle id="EtoN_689" type="type1" route="EtoN" depart="914" departSpeed="16.384685" departLane= "0"/>
    <vehicle id="NtoW_690" type="type1" route="NtoW" depart="915" departSpeed="14.380176" departLane= "0"/>
    <vehicle id="EtoS_691" type="type1" route="EtoS" depart="919" departSpeed="8.187651" departLane= "2"/>
    <vehicle id="NtoW_692" type="type1" route="NtoW" depart="920" departSpeed="6.119231" departLane= "0"/>
    <vehicle id="EtoW_693" type="type1" route="EtoW" depart="921" departSpeed="9.368424" departLane= "1"/>
    <vehicle id="WtoS_694" type="type1" route="WtoS" depart="922" departSpeed="7.316885" departLane= "0"/>
    <vehicle id="StoN_695" type="type1" route="StoN" depart="922" departSpeed="16.100355" departLane= "1"/>
    <vehicle id="EtoN_696" type="type1" route="EtoN" depart="923" departSpeed="11.357463" departLane= "0"/>
    <vehicle id="NtoS_697" type="type2" route="NtoS" depart="925" departSpeed="16.531418" departLane= "1"/>
    <vehicle id="NtoS_698" type="type2" route="NtoS" depart="926" departSpeed="9.578404" departLane= "1"/>
    <vehicle id="EtoS_699" type="type1" route="EtoS" depart="926" departSpeed="15.596125" departLane= "2"/>
    <vehicle id="NtoS_700" type="type2" route="NtoS" depart="928" departSpeed="10.974820" departLane= "1"/>
    <vehicle id="NtoW_701" type="type1" route="NtoW" depart="933" departSpeed="9.521690" departLane= "0"/>
    <vehicle id="StoW_702" type="type1" route="StoW" depart="934" departSpeed="14.470759" departLane= "2"/>
    <vehicle id="WtoE_703" type="type1" route="WtoE" depart="936" departSpeed="6.764704" departLane= "1"/>
    <vehicle id="StoW_704" type="type1" route="StoW" depart="938" departSpeed="8.098002" departLane= "2"/>
    <vehicle id="EtoN_705" type="type1" route="EtoN" depart="939" departSpeed="7.712914" departLane= "0"/>
    <vehicle id="WtoS_706" type="type1" route="WtoS" depart="940" departSpeed="10.629879" departLane= "0"/>
    <vehicle id="StoN_707" type="type1" route="StoN" depart="944" departSpeed="5.830616" departLane= "1"/>
    <vehicle id="WtoS_708" type="type1" route="WtoS" depart="946" departSpeed="12.006378" departLane= "0"/>
    <vehicle id="NtoE_709" type="type1" route="NtoE" depart="947" departSpeed="11.595324" departLane= "2"/>
    <vehicle id="StoW_710" type="type1" route="StoW" depart="947" departSpeed="12.079570" departLane= "2"/>
    <vehicle id="EtoS_711" type="type1" route="EtoS" depart="949" departSpeed="14.927260" departLane= "2"/>
    <vehicle id="StoE_712" type="type1" route="StoE" depart="950" departSpeed="9.565981" departLane= "0"/>
    <vehicle id="WtoE_713" type="type1" route="WtoE" depart="951" departSpeed="15.408235" departLane= "1"/>
    <vehicle id="WtoE_714" type="type1" route="WtoE" depart="952" departSpeed="10.110103" departLane= "1"/>
    <vehicle id="WtoS_715" type="type1" route="WtoS" depart="952" departSpeed="11.111736" departLane= "0"/>
    <vehicle id="EtoS_716" type="type1" route="EtoS" depart="956" departSpeed="14.855679" departLane= "2"/>
    <vehicle id="EtoS_717" type="type1" route="EtoS" depart="960" departSpeed="5.423880" departLane= "2"/>
    <vehicle id="WtoN_718" type="type1" route="WtoN" depart="960" departSpeed="7.187110" departLane= "2"/>
    <vehicle id="NtoE_719" type="type1" route="NtoE" depart="961" departSpeed="16.007915" departLane= "2"/>
    <vehicle id="EtoS_720" type="type1" route="EtoS" depart="963" departSpeed="7.989839" departLane= "2"/>
    <vehicle id="NtoE_721" type="type1" route="NtoE" depart="966" departSpeed="14.330387" departLane= "2"/>
    <vehicle id="EtoS_722" type="type1" route="EtoS" depart="968" departSpeed="11.220019" departLane= "2"/>
    <vehicle id="WtoS_723" type="type1" route="WtoS" depart="970" departSpeed="8.373200" departLane= "0"/>
    <vehicle id="StoW_724" type="type1" route="StoW" depart="970" departSpeed="13.135365" departLane= "2"/>
    <vehicle id="StoN_725" type="type1" route="StoN" depart="972" departSpeed="9.214077" departLane= "1"/>
    <vehicle id="EtoN_726" type="type1" route="EtoN" depart="974" departSpeed="11.463708" departLane= "0"/>
    <vehicle id="WtoS_727" type="type1" route="WtoS" depart="974" departSpeed="11.859495" departLane= "0"/>
    <vehicle id="StoN_728" type="type1" route="StoN" depart="976" departSpeed="11.825217" departLane= "1"/>
    <vehicle id="NtoS_729" type="type2" route="NtoS" depart="977" departSpeed="9.644246" departLane= "1"/>
    <vehicle id="EtoN_730" type="type1" route="EtoN" depart="979" departSpeed="7.407467" departLane= "0"/>
    <vehicle id="StoE_731" type="type1" route="StoE" depart="979" departSpeed="10.963067" departLane= "0"/>
    <vehicle id="NtoE_732" type="type1" route="NtoE" depart="982" departSpeed="14.322119" departLane= "2"/>
    <vehicle id="EtoS_733" type="type1" route="EtoS" depart="983" departSpeed="13.276519" departLane= "2"/>
    <vehicle id="WtoE_734" type="type1" route="WtoE" depart="985" departSpeed="10.322915" departLane= "1"/>
    <vehicle id="WtoN_735" type="type1" route="WtoN" depart="985" departSpeed="6.061367" departLane= "2"/>
    <vehicle id="WtoE_736" type="type1" route="WtoE" depart="986" departSpeed="16.896121" departLane= "1"/>
    <vehicle id="NtoS_737" type="type2" route="NtoS" depart="988" departSpeed="11.967238" departLane= "1"/>
    <vehicle id="EtoS_738" type="type1" route="EtoS" depart="988" departSpeed="12.159581" departLane= "2"/>
    <vehicle id="WtoS_739" type="type1" route="WtoS" depart="989" departSpeed="12.580961" departLane= "0"/>
    <vehicle id="EtoS_740" type="type1" route="EtoS" depart="990" departSpeed="13.428960" departLane= "2"/>
    <vehicle id="EtoW_741" type="type1" route="EtoW" depart="991" departSpeed="7.973850" departLane= "1"/>
    <vehicle id="NtoW_742" type="type1" route="NtoW" depart="991" departSpeed="16.439476" departLane= "0"/>
    <vehicle id="WtoS_743" type="type1" route="WtoS" depart="993" departSpeed="14.293364" departLane= "0"/>
    <vehicle id="NtoS_744" type="type2" route="NtoS" depart="996" departSpeed="5.179355" departLane= "1"/>
</routes>
